کلمه کلیدی,امتیاز,پیشنهاد
بتن,22,هدینگ اصلی (H1/H2)
اکسپوز,22,هدینگ اصلی (H1/H2)
طرح,17,هدینگ اصلی (H1/H2)
می‌,12,هدینگ اصلی (H1/H2)
پنل,7,هدینگ اصلی (H1/H2)
پانچ,7,هدینگ اصلی (H1/H2)
چهار,7,هدینگ اصلی (H1/H2)
سایز,7,هدینگ اصلی (H1/H2)
طراحی,7,هدینگ اصلی (H1/H2)
دوام,7,هدینگ اصلی (H1/H2)
مقاومت,7,هدینگ اصلی (H1/H2)
برابر,7,هدینگ اصلی (H1/H2)
بتنی,7,هدینگ اصلی (H1/H2)
نمای,7,هدینگ اصلی (H1/H2)
نصب,7,هدینگ اصلی (H1/H2)
‌های,7,هدینگ اصلی (H1/H2)
نوع,7,هدینگ اصلی (H1/H2)
سطح,7,هدینگ اصلی (H1/H2)
دلیل,7,هدینگ اصلی (H1/H2)
